yaml_file,MAP,NDCG,Precision,Recall,embed_size,n_layers,batch_size,decay,epochs,learning_rate,eval_epoch,top_k
32_3_2048_0_01_1000_0_01_-1_20,0.00767425159141543,0.043599456678657056,0.038571428571428576,0.01882886049082648,32,3,2048,0.01,1000,0.01,-1,20
64_3_2048_0_01_1000_0_01_-1_20,0.007833832687080246,0.04463649767170689,0.03993506493506494,0.019665296111146535,64,3,2048,0.01,1000,0.01,-1,20
